export_timestamp,trading_date,ticker,company,predicted_signal,confidence,confidence_percentage,signal_strength,close_price,RSI,sma_5,sma_10,sma_20,sma_50,ema_5,ema_10,ema_20,ema_50,macd,macd_signal,macd_histogram,macd_trend,price_vs_sma20,price_vs_sma20_pct,price_vs_sma50,price_vs_sma50_pct,price_vs_ema20,sma20_vs_sma50,ema20_vs_ema50,trend_direction,sma5_vs_sma20,volume_sma_20,volume_sma_ratio,price_momentum_5,price_momentum_10,rsi_momentum,daily_volatility
2025-11-26 09:01:20,2025-11-25,AAPL,Apple Inc.,Oversold (Buy),0.6446834753235151,64.5,Moderate,276.97,61.041060459101026,271.838,0.0,0.0,0.0,273.4071539582322,272.0267825305991,271.29672149716214,270.86484333663856,0.6542526167581286,0.2735629270397939,0.3806896897183347,Bullish,0.0,-100.0,0.0,-100.0,1.0209117105121273,0.0,1.0015944415495326,Downtrend,0.0,0.0,0.0,1.0356341609332935,0.0,1.2345227673067356,1.852186157345559
2025-11-26 09:01:20,2025-11-25,ADBE,Adobe Inc.,Oversold (Buy),0.6603561734018057,66.0,Moderate,319.55,36.986970684038866,318.596,0.0,0.0,0.0,319.6367799902866,319.87134715913186,320.08068098218496,320.2399267112853,-0.20544421475005947,-0.21613632932138077,0.010692114571321298,Bullish,0.0,-100.0,0.0,-100.0,0.9983420399489388,0.0,0.9995027299352216,Downtrend,0.0,0.0,0.0,0.9848368107991493,0.0,0.6637317110304082,1.861993428258485
2025-11-26 09:01:20,2025-11-25,ADP,"Automatic Data Processing, Inc.",Oversold (Buy),0.6306008731288688,63.1,Moderate,256.31,44.78233034571053,251.8,0.0,0.0,0.0,252.6922340942205,252.00132170246306,251.67119293870837,251.48613436829515,0.29032385920649517,0.08491591695679887,0.2054079422496963,Bullish,0.0,-100.0,0.0,-100.0,1.0184320144356822,0.0,1.000735859934696,Downtrend,0.0,0.0,0.0,1.0265128759661981,0.0,12.74923341899683,3.644024813702159
2025-11-26 09:01:20,2025-11-25,ADSK,"Autodesk, Inc.",Oversold (Buy),0.6547654715354451,65.5,Moderate,294.43,42.29407599716755,290.644,0.0,0.0,0.0,291.58710539096654,291.2315848150073,291.11833793957896,291.0758739707136,0.08853077266229548,-0.049230289931058685,0.13776106259335416,Bullish,0.0,-100.0,0.0,-100.0,1.0113756559750227,0.0,1.0001458862539383,Downtrend,0.0,0.0,0.0,1.0075283167368168,0.0,6.822975442932133,3.5967802194070004
2025-11-26 09:01:20,2025-11-25,AEP,"American Electric Power Company, Inc.",Oversold (Buy),0.6135630286838566,61.4,Moderate,121.58,57.69881556683581,121.41399999999999,0.0,0.0,0.0,121.66639145216126,121.8008164468905,121.9085934596701,121.98621144032678,-0.10370466036859227,-0.09333892124624552,-0.010365739122346757,Bearish,0.0,-100.0,0.0,-100.0,0.9973045914947841,0.0,0.9993637151302576,Downtrend,0.0,0.0,0.0,0.9843737349202493,0.0,0.3878911970878889,1.472281625267319
2025-11-26 09:01:20,2025-11-25,AMAT,"Applied Materials, Inc.",Oversold (Buy),0.587443437251747,58.7,Weak,242.46,50.89194409726164,230.548,0.0,0.0,0.0,232.74997571636717,230.95570912994805,230.17306422428888,229.75935702891863,0.6747357592757623,0.11194876126776962,0.5627869980079927,Bullish,0.0,-100.0,0.0,-100.0,1.0533812929723971,0.0,1.001800610868345,Downtrend,0.0,0.0,0.0,1.0770255863539446,0.0,0.4789105956555133,4.734801616761535
2025-11-26 09:01:20,2025-11-25,AMD,"Advanced Micro Devices, Inc.",Oversold (Buy),0.6988071466343291,69.9,Moderate,206.13,31.592842475799372,210.90600000000003,0.0,0.0,0.0,211.2678144730452,213.99632994976537,215.8201516118305,217.0445923272858,-1.7090187848795608,-1.2420384201352355,-0.46698036474432536,Bearish,0.0,-100.0,0.0,-100.0,0.955100802499393,0.0,0.9943585753400899,Downtrend,0.0,0.0,0.0,0.895088801076903,0.0,-5.320109962130665,5.967108135642561
2025-11-26 09:01:20,2025-11-25,AMZN,"Amazon.com, Inc.",Oversold (Buy),0.6593519219154754,65.9,Moderate,229.67,32.29867218485961,223.294,0.0,0.0,0.0,225.42163671685284,224.7480764682096,224.57689947755182,224.54504729484503,0.11779169307598636,-0.2059193514975849,0.32371104457357125,Bullish,0.0,-100.0,0.0,-100.0,1.022678648312879,0.0,1.000141852083092,Downtrend,0.0,0.0,0.0,1.0319928106043585,0.0,3.062911550396578,2.9259372142639437
2025-11-26 09:01:20,2025-11-25,ASML,ASML Holding N.V.,Oversold (Buy),0.6687097913121377,66.9,Moderate,1003.22,42.86167177427886,995.5959999999999,0.0,0.0,0.0,994.5772219524042,996.5312086708277,998.2187437472086,999.4240047131752,-1.6226742837185384,-1.3990197847509886,-0.22365449896754974,Bearish,0.0,-100.0,0.0,-100.0,1.0050101806684346,0.0,0.998794044409297,Downtrend,0.0,0.0,0.0,0.9991633966097644,0.0,0.3625579848424749,3.3033631705906967
2025-11-26 09:01:20,2025-11-25,AVGO,Broadcom Inc.,Oversold (Buy),0.5447825521108111,54.5,Weak,385.03,60.7440402540626,360.886,0.0,0.0,0.0,366.76417192812045,361.05933134215644,358.15295319678177,356.45991351245027,2.589506779539363,0.9981240144982296,1.5913827650411334,Bullish,0.0,-100.0,0.0,-100.0,1.0750434878822597,0.0,1.0047495934890653,Downtrend,0.0,0.0,0.0,1.130778267254038,0.0,0.009716821719280233,4.254213957353971
2025-11-26 09:01:20,2025-11-25,AZN,AstraZeneca PLC,Overbought (Sell),0.8353787205754429,83.5,Strong,93.24,86.30630630630642,90.686,0.0,0.0,0.0,91.41453132588637,90.8752851300601,90.60077764406309,90.44181943327897,0.24418949358747,0.0898544353393117,0.1543350582481583,Bullish,0.0,-100.0,0.0,-100.0,1.0291302395472304,0.0,1.001757574225952,Downtrend,0.0,0.0,0.0,1.0412060301507537,0.0,6.29365608492742,1.2977262977262911
2025-11-26 09:01:20,2025-11-25,BIDU,"Baidu, Inc.",Oversold (Buy),0.6393600892323931,63.9,Moderate,117.88,44.45800284726471,114.796,0.0,0.0,0.0,116.00515784361342,115.44783256241992,115.21581916387393,115.09961081316192,0.19679923159461055,0.010575678584801212,0.18622355300980933,Bullish,0.0,-100.0,0.0,-100.0,1.0231233944736073,0.0,1.0010096328727005,Downtrend,0.0,0.0,0.0,1.0063172272494452,0.0,0.29638668564846427,2.4855785544621707
2025-11-26 09:01:20,2025-11-25,BIIB,Biogen Inc.,Overbought (Sell),0.8224587432799282,82.2,Strong,181.96,87.02309888398649,174.038,0.0,0.0,0.0,176.12266148615834,174.12971158040403,173.045324020002,172.38981511729781,0.9787314317962057,0.46242870440979145,0.5163027273864143,Bullish,0.0,-100.0,0.0,-100.0,1.0515164222465068,0.0,1.0038024804554617,Downtrend,0.0,0.0,0.0,1.0777705384114198,0.0,0.3599887212764372,3.781050780391292
2025-11-26 09:01:20,2025-11-25,BKNG,Booking Holdings Inc.,Oversold (Buy),0.590001255505157,59.0,Weak,4906.24,49.79613867552419,4764.696,0.0,0.0,0.0,4819.308819815445,4793.665597023219,4782.283271882215,4776.3836233898455,9.773536825099654,1.0615603387866432,8.711976486313011,Bullish,0.0,-100.0,0.0,-100.0,1.0259199886478072,0.0,1.0012351705720366,Downtrend,0.0,0.0,0.0,1.0257641108841502,0.0,4.436925284667787,1.7377869814766547
2025-11-26 09:01:20,2025-11-25,CDNS,"Cadence Design Systems, Inc.",Oversold (Buy),0.9326727021178705,93.3,Strong,303.66,25.405294479786562,303.52200000000005,0.0,0.0,0.0,303.64005828071885,303.968783028144,304.2415265604175,304.4406255241854,-0.26373138490697556,-0.24982290749995634,-0.013908477407019226,Bearish,0.0,-100.0,0.0,-100.0,0.9980886022792749,0.0,0.9993460170979971,Downtrend,0.0,0.0,0.0,1.0014841199168893,0.0,2.2694320241708397,2.4962128696568477
2025-11-26 09:01:20,2025-11-25,CDW,CDW Corporation,Oversold (Buy),0.6259486433401567,62.6,Moderate,143.23,44.7107155083874,140.34,0.0,0.0,0.0,141.25409907722198,140.7148964370865,140.465969100537,140.33162460581363,0.21637336922825057,0.04427202302865603,0.17210134619959455,Bullish,0.0,-100.0,0.0,-100.0,1.0196775839526275,0.0,1.000957335847146,Downtrend,0.0,0.0,0.0,1.0244617695443816,0.0,-5.688547390875399,1.864134608671359
2025-11-26 09:01:20,2025-11-25,CEG,Constellation Energy Corporation,Oversold (Buy),0.6284173756923337,62.8,Moderate,351.595,44.754017194040514,349.41400000000004,0.0,0.0,0.0,348.89436862554646,347.7666002575319,347.1243610464349,346.7186494657342,0.5878421394198199,0.3479098619933024,0.23993227742651746,Bullish,0.0,-100.0,0.0,-100.0,1.0128790700257626,0.0,1.0011701464035059,Downtrend,0.0,0.0,0.0,1.0360836894062178,0.0,-1.2484597565580131,4.607574055376227
2025-11-26 09:01:20,2025-11-25,CHKP,Check Point Software Technologies Ltd.,Oversold (Buy),0.661425701370714,66.1,Moderate,185.9,37.63971926176243,185.22,0.0,0.0,0.0,185.72266148615836,186.21120103491506,186.56507979035422,186.81027468929855,-0.33553636036367607,-0.2706783617434854,-0.06485799862019065,Bearish,0.0,-100.0,0.0,-100.0,0.9964351324958477,0.0,0.9986874656688336,Downtrend,0.0,0.0,0.0,0.9748295752490824,0.0,-2.038430097050785,2.081764389456684
2025-11-26 09:01:20,2025-11-25,CHTR,"Charter Communications, Inc.",Oversold (Buy),0.9316066199270012,93.2,Strong,200.76,28.609015962111712,198.35399999999998,0.0,0.0,0.0,199.6541816415736,199.35734921759104,199.24746856648275,199.2037287284757,0.0879398657280035,-0.04374451519121726,0.13168438091922074,Bullish,0.0,-100.0,0.0,-100.0,1.0075912203271609,0.0,1.0002195733899473,Downtrend,0.0,0.0,0.0,1.000348796651552,0.0,-3.0680026714283883,3.0135485156405717
2025-11-26 09:01:20,2025-11-25,CHWY,Chewy Inc,Oversold (Buy),0.5777792776629126,57.8,Weak,33.54,53.25034578146591,33.338,0.0,0.0,0.0,33.34290432248665,33.48418874550283,33.58338360131034,33.650243951266404,-0.09319836667799564,-0.0678901087449805,-0.025308257933015138,Bearish,0.0,-100.0,0.0,-100.0,0.9987081825397532,0.0,0.9980130797847143,Downtrend,0.0,0.0,0.0,0.9716106604866743,0.0,12.498900694760934,7.096004770423373
2025-11-26 09:01:20,2025-11-25,COST,Costco Wholesale Corporation,Oversold (Buy),0.940943795137901,94.1,Strong,894.33,28.88566092550333,892.6700000000001,0.0,0.0,0.0,893.3611510441964,894.3124583081761,895.0114649398657,895.5034762328968,-0.6660729342128207,-0.5757688569752963,-0.09030407723752432,Bearish,0.0,-100.0,0.0,-100.0,0.9992385964129392,0.0,0.9994505757865946,Downtrend,0.0,0.0,0.0,0.9991620860705188,0.0,7.975989003901205,1.1841266646539903
2025-11-26 09:01:20,2025-11-25,CPRT,"Copart, Inc.",Oversold (Buy),0.6785048578547639,67.9,Moderate,39.06,30.369357045143815,40.217999999999996,0.0,0.0,0.0,39.83048081593007,40.17166176580001,40.35445957280672,40.46330091418971,-0.1641962719770902,-0.07105466440739533,-0.09314160756969486,Bearish,0.0,-100.0,0.0,-100.0,0.9679227627749226,0.0,0.997310122038392,Downtrend,0.0,0.0,0.0,0.9453049370764763,0.0,4.750545163955607,1.9969278033794189
2025-11-26 09:01:20,2025-11-25,CSCO,"Cisco Systems, Inc.",Oversold (Buy),0.5955529775232565,59.6,Weak,76.32,64.79663394109394,76.49799999999999,0.0,0.0,0.0,76.41328800388538,76.57442128991427,76.68308615637832,76.7553658680817,-0.10158059985663215,-0.07055014842478194,-0.03103045143185021,Bearish,0.0,-100.0,0.0,-100.0,0.9952651076713593,0.0,0.9990583106355378,Downtrend,0.0,0.0,0.0,0.986428848390849,0.0,1.1855228299828227,1.2840670859538839
2025-11-26 09:01:20,2025-11-25,CSGP,"CoStar Group, Inc.",Oversold (Buy),0.6236130209870453,62.4,Moderate,69.2,45.04000000000009,67.10799999999999,0.0,0.0,0.0,67.71542496357455,67.36093881055226,67.19554993336641,67.10531860925698,0.14424543984857507,0.032965956904747434,0.11127948294382764,Bullish,0.0,-100.0,0.0,-100.0,1.0298301013775657,0.0,1.001344622542288,Downtrend,0.0,0.0,0.0,1.0357730878610987,0.0,4.779130434782736,3.179190751445091
2025-11-26 09:01:20,2025-11-25,CSX,CSX Corporation,Oversold (Buy),0.5902411266945261,59.0,Weak,34.9,44.85294117647094,34.242000000000004,0.0,0.0,0.0,34.418241864983,34.29220489353995,34.23023310075336,34.19507288375084,0.054741655202860784,0.01757708497336289,0.037164570229497894,Bullish,0.0,-100.0,0.0,-100.0,1.019566530478342,0.0,1.00102822465453,Downtrend,0.0,0.0,0.0,1.0267725801706382,0.0,12.579102545663822,1.8911174785100393
2025-11-26 09:01:20,2025-11-25,CTAS,Cintas Corporation,Oversold (Buy),0.6475444715419251,64.8,Moderate,183.67,43.941109852774694,183.66,0.0,0.0,0.0,183.599451189898,183.65996626406522,183.68704953026216,183.7013806199007,-0.023374877527032822,-0.004066967116560283,-0.01930791041047254,Bearish,0.0,-100.0,0.0,-100.0,0.9999071816423326,0.0,0.9999219870335749,Downtrend,0.0,0.0,0.0,0.9986950138654777,0.0,-0.5967052732757807,1.4428050307616953
2025-11-26 09:01:20,2025-11-25,CTSH,Cognizant Technology Solutions Corporation,Oversold (Buy),0.5675399609816041,56.8,Weak,76.45,56.27189908899818,74.398,0.0,0.0,0.0,74.91060223409424,74.28535784124837,73.92792537030196,73.70665228215951,0.3253993285754717,0.17123279196343297,0.15416653661203875,Bullish,0.0,-100.0,0.0,-100.0,1.034115317277809,0.0,1.0030020775776844,Downtrend,0.0,0.0,0.0,1.0655052264808362,0.0,-0.9590810343742504,1.9097449313276753
2025-11-26 09:01:20,2025-11-25,DLTR,"Dollar Tree, Inc.",Oversold (Buy),0.5681997620877565,56.8,Weak,105.66,51.28294036061029,101.248,0.0,0.0,0.0,102.38206896551726,101.91523706216769,101.74724474276215,101.6750660052793,0.13636442247981506,-0.04134030591856966,0.17770472839838472,Bullish,0.0,-100.0,0.0,-100.0,1.0384556384512436,0.0,1.000709896145817,Downtrend,0.0,0.0,0.0,1.0402677956089397,0.0,4.745649645237265,5.139125496876781
2025-11-26 09:01:20,2025-11-25,DOCU,"DocuSign, Inc.",Oversold (Buy),0.6273449295094479,62.7,Moderate,67.96,40.29062087186258,65.666,0.0,0.0,0.0,66.24414764448761,65.8596654956182,65.67666604470581,65.57426773586923,0.16080665144221484,0.047510383673804356,0.11329626776841048,Bullish,0.0,-100.0,0.0,-100.0,1.0347662890460962,0.0,1.0015615623684742,Downtrend,0.0,0.0,0.0,1.0364495958517614,0.0,8.775469356710836,3.9729252501471497
2025-11-26 09:01:20,2025-11-25,DXCM,"DexCom, Inc.",Oversold (Buy),0.593807399477439,59.4,Weak,61.69,56.29242819843377,60.455999999999996,0.0,0.0,0.0,60.93254492472074,60.548214685842865,60.34060982953445,60.2160600354306,0.18691128046707917,0.08553493767594476,0.1013763427911344,Bullish,0.0,-100.0,0.0,-100.0,1.0223628858620695,0.0,1.0020683816581584,Downtrend,0.0,0.0,0.0,1.0252617583513377,0.0,3.783904087376442,4.165991246555358
2025-11-26 09:01:20,2025-11-25,EBAY,eBay Inc.,Oversold (Buy),0.5845092577461657,58.5,Weak,82.79,55.062571103526395,81.17,0.0,0.0,0.0,81.57729480330258,81.44585865999393,81.41275886444618,81.40535380215405,0.02326122463203717,-0.03351099633682025,0.056772220968857416,Bullish,0.0,-100.0,0.0,-100.0,1.0169167726872759,0.0,1.0000909652983037,Downtrend,0.0,0.0,0.0,1.0117316387632898,0.0,7.478473244199584,3.092160888996258
2025-11-26 09:01:20,2025-11-25,ELF,e.l.f.Beauty,Oversold (Buy),0.9578151866321535,95.8,Strong,72.11,15.290009110233896,70.614,0.0,0.0,0.0,71.20033511413308,71.16031638575151,71.19651149728155,71.2382852108925,-0.043027586551431796,-0.09031399680076974,0.04728641024933794,Bullish,0.0,-100.0,0.0,-100.0,1.0128305233431742,0.0,0.9994136058513019,Downtrend,0.0,0.0,0.0,0.9869969887763481,0.0,1.2203482486389845,3.4599916793787338
2025-11-26 09:01:20,2025-11-25,EXC,Exelon Corporation,Oversold (Buy),0.6556857842225838,65.6,Moderate,45.78,46.630236794171424,45.745999999999995,0.0,0.0,0.0,45.88075764934434,45.90357277055906,45.92647594035632,45.944617499951484,-0.02283305697666549,-0.026502107754668384,0.003669050778002895,Bullish,0.0,-100.0,0.0,-100.0,0.9968106427206271,0.0,0.9996051428745667,Downtrend,0.0,0.0,0.0,0.9870633893919792,0.0,-1.946613300705323,1.9877675840978517
2025-11-26 09:01:20,2025-11-25,EXPE,"Expedia Group, Inc.",Oversold (Buy),0.555733679951279,55.6,Weak,258.14,67.38022426095824,245.9,0.0,0.0,0.0,249.33640602234098,246.98726740016218,245.8466593025909,245.2077840103197,1.0035643965227905,0.2885789366121035,0.7149854599106871,Bullish,0.0,-100.0,0.0,-100.0,1.0500040990277533,0.0,1.0026054445818258,Downtrend,0.0,0.0,0.0,1.0755833333333333,0.0,1.9863302421577629,3.2191833888587493
2025-11-26 09:01:20,2025-11-25,FAST,Fastenal Company,Oversold (Buy),0.628516776425925,62.9,Moderate,40.09,36.26943005181311,39.658,0.0,0.0,0.0,39.789096648858674,39.740348364365516,39.721204915140014,39.71210826864811,0.015984082260438015,-0.0011107361314623802,0.017094818391900395,Bullish,0.0,-100.0,0.0,-100.0,1.0092845895699256,0.0,1.0002290648089083,Downtrend,0.0,0.0,0.0,1.0032532532532532,0.0,1.3487951311786261,1.895734597156393
2025-11-26 09:01:20,2025-11-25,FOX,Fox Corporation,Oversold (Buy),0.6347273609125962,63.5,Moderate,57.97,47.41035856573695,58.346000000000004,0.0,0.0,0.0,58.212797474502196,58.283620988068584,58.31095868030452,58.323475384004745,-0.022604538688774767,0.0037205964071622124,-0.02632513509593698,Bearish,0.0,-100.0,0.0,-100.0,0.9941527512491457,0.0,0.9997853916691725,Downtrend,0.0,0.0,0.0,0.9906015037593984,0.0,0.3515350363252594,1.1747455580472737
2025-11-26 09:01:20,2025-11-25,FOXA,Fox Corporation,Oversold (Buy),0.6067957585150147,60.7,Moderate,64.73,49.67061923583655,64.928,0.0,0.0,0.0,64.83120446818845,64.86689529292376,64.87647171276708,64.87867735406364,-0.006798510990975615,0.009649796531876831,-0.016448307522852444,Bearish,0.0,-100.0,0.0,-100.0,0.9977422984188232,0.0,0.999966003602624,Downtrend,0.0,0.0,0.0,0.9964593596059115,0.0,1.222576050951389,1.0968638961841617
2025-11-26 09:01:20,2025-11-25,FTNT,"Fortinet, Inc.",Oversold (Buy),0.6201021547225805,62.0,Moderate,80.87,36.92543411644547,79.454,0.0,0.0,0.0,79.9171491015056,79.84606101575594,79.85842886238785,79.88392915622721,-0.02047537511990072,-0.07459487394174552,0.0541194988218448,Bullish,0.0,-100.0,0.0,-100.0,1.012667055338082,0.0,0.9996807831799374,Downtrend,0.0,0.0,0.0,1.0089831565814098,0.0,1.0812782722896372,2.337084209224682
2025-11-26 09:01:20,2025-11-25,FTV,Fortive Corporation,Overbought (Sell),0.7925207714652077,79.3,Moderate,53.28,71.57001414427155,51.964,0.0,0.0,0.0,52.337076250607105,51.957582160528005,51.74579724364497,51.616786732568606,0.19176181620721877,0.09297418284791886,0.09878763335929991,Bullish,0.0,-100.0,0.0,-100.0,1.0296488379361755,0.0,1.0024993905905997,Downtrend,0.0,0.0,0.0,1.057562524811433,0.0,4.903347477605038,1.5484234234234153
2025-11-26 09:01:20,2025-11-25,GEHC,GE HealthCare Technologies Inc.,Oversold (Buy),0.5495452602955221,55.0,Weak,79.96,61.8787547788094,76.34200000000001,0.0,0.0,0.0,77.21328800388537,76.0768483920447,75.43120154633114,75.03236646861768,0.5872865519149002,0.3060935730430412,0.281192978871859,Bullish,0.0,-100.0,0.0,-100.0,1.060038795098434,0.0,1.0053155071135904,Downtrend,0.0,0.0,0.0,1.1258800337932977,0.0,0.8731681866306147,4.739869934967475
2025-11-26 09:01:20,2025-11-25,GILD,"Gilead Sciences, Inc.",Oversold (Buy),0.5938545252837797,59.4,Weak,127.12,58.677370030581066,126.418,0.0,0.0,0.0,126.35940747935894,126.28560109280329,126.24394231993071,126.21534284797048,0.039042434540164095,0.034205544879021874,0.004836889661142221,Bullish,0.0,-100.0,0.0,-100.0,1.0069394036970833,0.0,1.0002265926734017,Downtrend,0.0,0.0,0.0,0.9995282277087593,0.0,4.087802703448013,2.289175582127121
2025-11-26 09:01:20,2025-11-25,GOOGL,Alphabet Inc.,Overbought (Sell),0.796726216939591,79.7,Moderate,323.44,71.99055861526355,304.788,0.0,0.0,0.0,309.8229626032055,304.6159222812636,301.8137458195357,300.13494354810337,2.521771929704528,1.131910475897932,1.3898614538065959,Bullish,0.0,-100.0,0.0,-100.0,1.0716543049480434,0.0,1.0055934915527864,Downtrend,0.0,0.0,0.0,1.137751512593218,0.0,-0.5886667368490919,3.4565916398713847
2025-11-26 09:01:20,2025-11-25,IDXX,"IDEXX Laboratories, Inc.",Oversold (Buy),0.51427222703755,51.4,Weak,766.68,63.306798006987094,726.236,0.0,0.0,0.0,736.3199417192812,723.9345618062102,717.0484211172932,712.8450926279171,6.237449548982113,3.0769821892034535,3.1604673597786594,Bullish,0.0,-100.0,0.0,-100.0,1.0692164955964503,0.0,1.0058965524667924,Downtrend,0.0,0.0,0.0,1.1439399591172914,0.0,4.040221886478228,2.462565868419679
2025-11-26 09:01:20,2025-11-25,ILMN,"Illumina, Inc.",Oversold (Buy),0.5465321089155882,54.7,Weak,129.64,66.2454873646209,123.76599999999999,0.0,0.0,0.0,125.45080135988346,124.21400237836778,123.58383840360135,123.21792066979594,0.5609901385887497,0.21148026155544905,0.3495098770333006,Bullish,0.0,-100.0,0.0,-100.0,1.0490044788592856,0.0,1.0029696795061653,Downtrend,0.0,0.0,0.0,1.0628843158153642,0.0,-2.665568329477111,3.833693304535637
2025-11-26 09:01:20,2025-11-25,INTC,Intel Corporation,Oversold (Buy),0.5943705772503097,59.4,Weak,35.83,38.37739288969894,34.97,0.0,0.0,0.0,35.22432734337057,35.024688590377096,34.928495624599336,34.87486337888071,0.08449420150652287,0.023720570570702888,0.060773630935819986,Bullish,0.0,-100.0,0.0,-100.0,1.0258099972323387,0.0,1.001537848195589,Downtrend,0.0,0.0,0.0,1.0436935624817945,0.0,-6.5737471754474655,4.046888082612344
2025-11-26 09:01:20,2025-11-25,INTU,Intuit Inc.,Oversold (Buy),0.6566670959054325,65.7,Moderate,648.07,46.800634584876015,650.5020000000001,0.0,0.0,0.0,650.7365371539584,650.3877780541916,650.0947630805014,649.8904609359415,0.27943636850534403,0.2254494248105512,0.053986943694792844,Bullish,0.0,-100.0,0.0,-100.0,0.9968854339467267,0.0,1.0003143639687613,Downtrend,0.0,0.0,0.0,0.9974450925769166,0.0,-0.028891828388211138,2.797537303069112
2025-11-26 09:01:20,2025-11-25,ISRG,"Intuitive Surgical, Inc.",Oversold (Buy),0.5705653415842312,57.1,Weak,578.87,63.04422646704511,565.1659999999999,0.0,0.0,0.0,567.415420106848,563.8245168217901,561.8725520507942,560.6873192236548,1.7638804734024234,0.8550050017791321,0.9088754716232913,Bullish,0.0,-100.0,0.0,-100.0,1.0302514295940715,0.0,1.0021138926929551,Downtrend,0.0,0.0,0.0,1.0587084148727985,0.0,0.21106620397848275,3.23215920673036
2025-11-26 09:01:20,2025-11-25,JD,"JD.com, Inc.",Oversold (Buy),0.9392615309585044,93.9,Strong,29.14,22.433460076045492,28.879,0.0,0.0,0.0,29.017746478873242,29.019059148534556,29.03223183687244,29.044745516075505,-0.01422767635255795,-0.02301755020019829,0.00878987384764034,Bullish,0.0,-100.0,0.0,-100.0,1.0037120178611514,0.0,0.9995691585868385,Downtrend,0.0,0.0,0.0,0.9894736842105264,0.0,-2.0109843683986526,1.509951956074117
2025-11-26 09:01:20,2025-11-25,KDP,Keurig Dr Pepper Inc.,Oversold (Buy),0.6031338825203048,60.3,Moderate,27.05,53.56371490280791,27.25,0.0,0.0,0.0,27.251796988829533,27.252437969772178,27.24503988242934,27.238252324974418,0.007916730776742043,0.011866036600965692,-0.00394930582422365,Bearish,0.0,-100.0,0.0,-100.0,0.9928412700707727,0.0,1.0002491921057908,Downtrend,0.0,0.0,0.0,0.986506199854121,0.0,-6.2616126081092816,2.439926062846581
2025-11-26 09:01:20,2025-11-25,KHC,The Kraft Heinz Company,Oversold (Buy),0.5653814088675557,56.5,Weak,25.44,69.57831325301197,25.17,0.0,0.0,0.0,25.230063137445363,25.146271541971476,25.096886707241566,25.06559213962746,0.04530625210654193,0.026741321771601847,0.018564930334940086,Bullish,0.0,-100.0,0.0,-100.0,1.0136715480593628,0.0,1.001248507014707,Downtrend,0.0,0.0,0.0,1.0188225871045256,0.0,2.69933236129242,1.336477987421383
2025-11-26 09:01:20,2025-11-25,KLAC,KLA Corporation,Oversold (Buy),0.6605375607389397,66.1,Moderate,1145.89,37.79861173713152,1129.9299999999998,0.0,0.0,0.0,1131.5630645944636,1129.9179748618797,1129.5464570284712,1129.4771947323154,0.25168764739987637,-0.40837308091357655,0.660060728313453,Bullish,0.0,-100.0,0.0,-100.0,1.014469119769119,0.0,1.000061322438805,Downtrend,0.0,0.0,0.0,1.0203011334799528,0.0,-4.257149095921854,3.5832409742645406
2025-11-26 09:01:20,2025-11-25,LRCX,Lam Research Corporation,Oversold (Buy),0.6382953168631288,63.8,Moderate,151.93,40.27283511269273,146.67000000000002,0.0,0.0,0.0,148.04631860126278,147.0701129146621,146.64416390478186,146.42315597165458,0.36550284991562876,0.04223574039150332,0.32326710952412546,Bullish,0.0,-100.0,0.0,-100.0,1.036045321917143,0.0,1.001509378292393,Downtrend,0.0,0.0,0.0,1.060667411337615,0.0,-6.134828538185339,4.804844336207472
2025-11-26 09:01:20,2025-11-25,LULU,Lululemon Athletica Inc.,Oversold (Buy),0.5660529487948611,56.6,Weak,177.51,63.14952279957572,169.222,0.0,0.0,0.0,170.99940262263237,169.36986869195624,168.54210475784373,168.05971747158347,0.7375425039334402,0.28453382663917887,0.45300867729426136,Bullish,0.0,-100.0,0.0,-100.0,1.053208634453931,0.0,1.0028703326027062,Downtrend,0.0,0.0,0.0,1.082576080990425,0.0,0.9110006588531618,4.320883330516584
2025-11-26 09:01:20,2025-11-25,MAR,"Marriott International, Inc.",Overbought (Sell),0.7720958489162187,77.2,Moderate,304.12,71.94994786235628,292.554,0.0,0.0,0.0,295.6316949975717,292.7994567729688,291.28616692515794,290.38381596789793,1.3597315788123865,0.5936634746874432,0.7660681041249433,Bullish,0.0,-100.0,0.0,-100.0,1.0440591917230986,0.0,1.0031074423147597,Downtrend,0.0,0.0,0.0,1.0750088370448923,0.0,-1.6204981977731023,2.7423385505721343
2025-11-26 09:01:20,2025-11-25,MCHP,Microchip Technology Incorporated,Oversold (Buy),0.917015715644791,91.7,Strong,51.83,22.70237370663446,50.669,0.0,0.0,0.0,51.059538610976205,50.91596614831597,50.86888734813137,50.85157305398527,0.03674841300351517,-0.022721150255908363,0.05946956325942353,Bullish,0.0,-100.0,0.0,-100.0,1.0188939192888387,0.0,1.0003404868936447,Downtrend,0.0,0.0,0.0,1.0188716335757815,0.0,-3.2451481592551374,4.862049006366975
2025-11-26 09:01:20,2025-11-25,MDLZ,"Mondelez International, Inc.",Oversold (Buy),0.5713416466341218,57.1,Weak,56.53,53.290322580645196,56.31,0.0,0.0,0.0,56.34559980573095,56.2515965245853,56.19279935836111,56.15473789997665,0.05439129944289789,0.034524338975114525,0.019866960467783364,Bullish,0.0,-100.0,0.0,-100.0,1.0060007802688107,0.0,1.0006777960294686,Downtrend,0.0,0.0,0.0,1.0134456794550017,0.0,2.5540441335233766,1.8220413939501043
2025-11-26 09:01:20,2025-11-25,MELI,"MercadoLibre, Inc.",Oversold (Buy),0.6364036604657916,63.6,Moderate,2055.0,31.66859722593496,1998.5260000000003,0.0,0.0,0.0,2013.4077707625063,2011.7045920071014,2012.9297600883717,2014.3642128201716,-1.4721120479121055,-3.0970408458338614,1.624928797921756,Bullish,0.0,-100.0,0.0,-100.0,1.0209000039374356,0.0,0.9992878880975593,Downtrend,0.0,0.0,0.0,0.9981494164104507,0.0,5.180346366338242,3.376155717761563
2025-11-26 09:01:20,2025-11-25,META,"Meta Platforms, Inc.",Oversold (Buy),0.5958606301266649,59.6,Weak,636.22,50.11132184381947,604.5980000000001,0.0,0.0,0.0,613.1389218067023,607.8368867225845,605.3886231893443,604.0571239115263,2.1324332156868877,0.4757195963794592,1.6567136193074286,Bullish,0.0,-100.0,0.0,-100.0,1.0509282395302177,0.0,1.0022042605328383,Downtrend,0.0,0.0,0.0,1.0644648563636667,0.0,6.796415069716701,2.9470937725943855
2025-11-26 09:01:20,2025-11-25,MNST,Monster Beverage Corporation,Overbought (Sell),0.8184043906278342,81.8,Strong,74.82,73.72013651877135,72.924,0.0,0.0,0.0,73.37846527440506,73.05979945596503,72.90689953654541,72.82046295090292,0.13477046525382264,0.04340517801976607,0.09136528723405657,Bullish,0.0,-100.0,0.0,-100.0,1.026240321226328,0.0,1.0011869820945902,Downtrend,0.0,0.0,0.0,1.0263374485596706,0.0,1.0833205983733478,2.0582731889869104
2025-11-26 09:01:20,2025-11-25,MRNA,"Moderna, Inc.",Oversold (Buy),0.5848995978611434,58.5,Weak,24.75,55.82761998041161,23.832,0.0,0.0,0.0,24.163948518698405,24.10433901547326,24.101561954933896,24.11006882717542,-0.002796617650329125,-0.037154294638672605,0.03435767698834348,Bullish,0.0,-100.0,0.0,-100.0,1.0269043992368039,0.0,0.9996471651614725,Downtrend,0.0,0.0,0.0,0.9931781701444622,0.0,3.786803653880824,3.252525252525266
2025-11-26 09:01:20,2025-11-25,MSFT,Microsoft Corporation,Oversold (Buy),0.6765894160041067,67.7,Moderate,476.99,31.6773958459858,477.73199999999997,0.0,0.0,0.0,478.1087663914522,480.5877651980026,482.2989747509109,483.4583814999215,-1.609373678402676,-1.207165881132622,-0.40220779727005396,Bearish,0.0,-100.0,0.0,-100.0,0.988992357378216,0.0,0.9976018478665867,Downtrend,0.0,0.0,0.0,0.9659774398023451,0.0,4.986839840899549,2.9895804943499846
2025-11-26 09:01:20,2025-11-25,MSI,"Motorola Solutions, Inc.",Oversold (Buy),0.9683998367696731,96.8,Strong,369.51,19.58110082805689,369.076,0.0,0.0,0.0,369.4175473530841,369.92654167427787,370.31025430230073,370.58054134524974,-0.36605974093026816,-0.31165361439195904,-0.05440612653830912,Bearish,0.0,-100.0,0.0,-100.0,0.9978389626184981,0.0,0.9992706388684958,Downtrend,0.0,0.0,0.0,0.9923461166612955,0.0,1.8636824378248633,1.8835755459933372
2025-11-26 09:01:20,2025-11-25,MU,"Micron Technology, Inc.",Oversold (Buy),0.6401830694124271,64.0,Moderate,224.53,44.552708945821024,216.62399999999997,0.0,0.0,0.0,220.08228751821278,220.34720409444867,220.96609830462555,221.50821595073734,-0.6454638235298376,-0.905270777188145,0.2598069536583074,Bullish,0.0,-100.0,0.0,-100.0,1.0161287261834222,0.0,0.9975526070498787,Downtrend,0.0,0.0,0.0,0.9826258205689278,0.0,-7.58621216786802,4.538369037545094
2025-11-26 09:01:20,2025-11-25,NFLX,"Netflix, Inc.",Oversold (Buy),0.9555286133885165,95.6,Strong,104.4,5.934712839335418,106.27000000000001,0.0,0.0,0.0,106.15220009713454,106.94629397365462,107.434737121348,107.7477850625497,-0.45033245938266475,-0.27119979650793363,-0.17913266287473112,Bearish,0.0,-100.0,0.0,-100.0,0.9717527384283517,0.0,0.997094622956565,Downtrend,0.0,0.0,0.0,0.9150670523271102,0.0,-0.47097481707072575,2.3754789272030687
2025-11-26 09:01:20,2025-11-25,NTES,"NetEase, Inc.",Oversold (Buy),0.6034112132476483,60.3,Moderate,139.97,51.89212701174426,136.024,0.0,0.0,0.0,137.58712481787276,137.05487309817968,136.85463697300438,136.76529785232697,0.16433154187654964,-0.03488672022638598,0.1992182621029356,Bullish,0.0,-100.0,0.0,-100.0,1.0227640297464686,0.0,1.000653229452795,Downtrend,0.0,0.0,0.0,1.0056038508513543,0.0,0.1258819179805073,1.18596842180467
2025-11-26 09:01:20,2025-11-25,NVDA,NVIDIA Corporation,Oversold (Buy),0.6024219673852882,60.2,Moderate,177.82,36.60040067807048,181.28199999999998,0.0,0.0,0.0,180.44549781447307,181.18250076678763,181.6068052030412,181.87286171626718,-0.3877830865394003,-0.218541022912421,-0.1692420636269793,Bearish,0.0,-100.0,0.0,-100.0,0.9791483298282382,0.0,0.9985371291202255,Downtrend,0.0,0.0,0.0,0.9804808116453462,0.0,-0.718895362155699,4.841975030930145
2025-11-26 09:01:20,2025-11-25,NXPI,NXP Semiconductors N.V.,Oversold (Buy),0.951892933247599,95.2,Strong,191.02,26.130776794493627,189.636,0.0,0.0,0.0,190.28659543467703,189.92308623072506,189.75393036823408,189.66443255855586,0.1463494273027095,0.02155944954292354,0.12478997775978595,Bullish,0.0,-100.0,0.0,-100.0,1.0066721655214679,0.0,1.0004718745020924,Downtrend,0.0,0.0,0.0,1.0128850946497694,0.0,-9.939413846754185,2.889749764422564
2025-11-26 09:01:20,2025-11-25,ODFL,"Old Dominion Freight Line, Inc.",Oversold (Buy),0.6159876770979332,61.6,Moderate,134.33,41.01421008637513,130.948,0.0,0.0,0.0,132.22052938319575,131.48495031964336,131.10896316651335,130.89289029601687,0.3338420527795165,0.11553585829654978,0.21830619448296673,Bullish,0.0,-100.0,0.0,-100.0,1.0245676325683075,0.0,1.0016507609390228,Downtrend,0.0,0.0,0.0,1.0280881677636615,0.0,4.1125564745386995,2.0546415543810164
2025-11-26 09:01:20,2025-11-25,ORLY,"O'Reilly Automotive, Inc.",Overbought (Sell),0.810904704722009,81.1,Strong,101.38,72.9671897289593,99.70400000000001,0.0,0.0,0.0,100.03390966488588,99.75436079156151,99.615996128189,99.53710828186833,0.12243748564422674,0.03979950066177448,0.08263798498245226,Bullish,0.0,-100.0,0.0,-100.0,1.0177080382706911,0.0,1.000792547098086,Downtrend,0.0,0.0,0.0,1.03101800061019,0.0,2.6926799250374387,2.219372657328862
2025-11-26 09:01:20,2025-11-25,PANW,"Palo Alto Networks, Inc.",Oversold (Buy),0.956625177255018,95.7,Strong,186.27,22.206155752943573,187.606,0.0,0.0,0.0,187.20898008742114,189.07403470246126,190.3134300619137,191.13388800446882,-1.1563710414820036,-0.7920837154280714,-0.3642873260539322,Bearish,0.0,-100.0,0.0,-100.0,0.9787538374953452,0.0,0.9957074177105845,Downtrend,0.0,0.0,0.0,0.9267164179104478,0.0,4.536744733310925,2.96880871852687
2025-11-26 09:01:20,2025-11-25,PAYX,"Paychex, Inc.",Oversold (Buy),0.6141794866360577,61.4,Moderate,112.11,37.2011661807578,110.298,0.0,0.0,0.0,110.77558523555126,110.50551403877617,110.38205445244829,110.31578672407095,0.10712578787432392,0.020129394059464466,0.08699639381485945,Bullish,0.0,-100.0,0.0,-100.0,1.0156542252825715,0.0,1.0006007093848055,Downtrend,0.0,0.0,0.0,1.0195525645689343,0.0,3.234274703136826,2.22995272500223
2025-11-26 09:01:20,2025-11-25,PCAR,PACCAR Inc,Oversold (Buy),0.5533651723157744,55.3,Weak,104.92,59.61361545538172,100.89199999999998,0.0,0.0,0.0,101.97414278776105,100.76914970156149,100.08243309649373,99.65741968361607,0.6250395978668024,0.32979731209564206,0.29524228577116035,Bullish,0.0,-100.0,0.0,-100.0,1.0483358243183614,0.0,1.004264744303304,Downtrend,0.0,0.0,0.0,1.0816494845360825,0.0,-2.3777265359602424,2.7640106747998527
2025-11-26 09:01:20,2025-11-25,PDD,PDD Holdings Inc.,Oversold (Buy),0.9652676633016714,96.5,Strong,114.0,12.74182788525691,114.33599999999998,0.0,0.0,0.0,114.65658086449733,115.64986279432233,116.3541331579086,116.83931106131172,-0.6661835798454092,-0.5307282382362358,-0.13545534160917339,Bearish,0.0,-100.0,0.0,-100.0,0.9797675158241803,0.0,0.9958474771975632,Downtrend,0.0,0.0,0.0,0.9533366783743101,0.0,-5.431459571734067,1.6929824561403444
2025-11-26 09:01:20,2025-11-25,PEP,"PepsiCo, Inc.",Oversold (Buy),0.6368774653853051,63.7,Moderate,146.11,60.94276094276132,146.23000000000002,0.0,0.0,0.0,146.24700825643518,146.49121931404375,146.64830816263918,146.75078897901423,-0.14578760115296063,-0.09431639730589773,-0.0514712038470629,Bearish,0.0,-100.0,0.0,-100.0,0.9963292576001479,0.0,0.999301667697407,Downtrend,0.0,0.0,0.0,0.9821200510855683,0.0,1.8391194861784186,1.0608445691602293
2025-11-26 09:01:20,2025-11-25,PTON,"Peloton Interactive, Inc.",Oversold (Buy),0.6292984896028807,62.9,Moderate,6.74,44.24778761061949,6.612,0.0,0.0,0.0,6.664079650315688,6.696149020531683,6.723790679330916,6.74389084331996,-0.026725353053366874,-0.02448637837725866,-0.0022389746761082123,Bearish,0.0,-100.0,0.0,-100.0,1.0024107414168784,0.0,0.9970195003958354,Downtrend,0.0,0.0,0.0,0.9479606188466948,0.0,1.3474854958158105,6.231454005934717
2025-11-26 09:01:20,2025-11-25,PYPL,"PayPal Holdings, Inc.",Oversold (Buy),0.931892933247599,93.2,Strong,61.22,27.864077669902926,60.113,0.0,0.0,0.0,60.554103933948525,60.45656167196288,60.43952543027307,60.442666669855555,0.008505722185091713,-0.04479153037154557,0.05329725255663728,Bullish,0.0,-100.0,0.0,-100.0,1.012913313997267,0.0,0.9999480294342465,Downtrend,0.0,0.0,0.0,1.0085667215815486,0.0,-5.677961686090001,2.0499836654688055
2025-11-26 09:01:20,2025-11-25,QCOM,QUALCOMM Incorporated,Oversold (Buy),0.9498242156000252,95.0,Strong,163.3,29.98537298878594,163.472,0.0,0.0,0.0,163.71204468188444,163.8656484112501,163.9971402719898,164.09472574842593,-0.12793707664090448,-0.12520547765901502,-0.0027315989818894604,Bearish,0.0,-100.0,0.0,-100.0,0.995749070557977,0.0,0.9994053100976217,Downtrend,0.0,0.0,0.0,0.9893372107112566,0.0,-11.583764419103098,1.89834660134721
2025-11-26 09:01:20,2025-11-25,REGN,"Regeneron Pharmaceuticals, Inc.",Overbought (Sell),0.8324190159633731,83.2,Strong,787.32,86.35139940061974,748.884,0.0,0.0,0.0,759.6061486158331,749.9026075253864,744.5556720738293,741.3049760966746,4.836183931188998,2.342588993381127,2.4935949378078712,Bullish,0.0,-100.0,0.0,-100.0,1.0574360380696022,0.0,1.0043850993612253,Downtrend,0.0,0.0,0.0,1.0854495822648689,0.0,0.7057986740851447,3.8815221256922294
2025-11-26 09:01:20,2025-11-25,ROP,"Roper Technologies, Inc.",Oversold (Buy),0.5915765341333605,59.2,Weak,446.41,50.49504950495043,443.088,0.0,0.0,0.0,443.52534725594955,443.37818684890215,443.364787941637,443.37562632244226,0.001833230126237595,-0.0636672855868617,0.0655005157130993,Bullish,0.0,-100.0,0.0,-100.0,1.0068684120642524,0.0,0.9999755548565105,Downtrend,0.0,0.0,0.0,1.0045003487770303,0.0,9.239849649642245,1.7696736184225337
2025-11-26 09:01:20,2025-11-25,ROST,"Ross Stores, Inc.",Overbought (Sell),0.8103122101443451,81.0,Strong,176.5,78.36978131212723,169.11599999999999,0.0,0.0,0.0,171.44104905293835,169.08289998056338,167.75817309042742,166.9490508372486,1.2006511030393767,0.5906737599082484,0.6099773431311283,Bullish,0.0,-100.0,0.0,-100.0,1.0521096930690848,0.0,1.004846522032447,Downtrend,0.0,0.0,0.0,1.1038148843026891,0.0,2.25037832705263,2.169971671388109
2025-11-26 09:01:20,2025-11-25,SBUX,Starbucks Corporation,Oversold (Buy),0.5676526943628812,56.8,Weak,85.91,57.46673238048295,84.18,0.0,0.0,0.0,84.524871296746,84.24959389703704,84.11442885454846,84.03742369041626,0.11953005709457898,0.03940716364490414,0.08012289344967484,Bullish,0.0,-100.0,0.0,-100.0,1.021346767372771,0.0,1.0009163199054731,Downtrend,0.0,0.0,0.0,1.030961238449538,0.0,-1.4380295242789245,3.7248283086951495
2025-11-26 09:01:20,2025-11-25,SHOP,Shopify,Oversold (Buy),0.6256656885343022,62.6,Moderate,157.37,45.07716870675883,150.208,0.0,0.0,0.0,151.90785332685772,149.74637818223664,148.55361851814558,147.82729734095093,1.0793419947004281,0.5276422852136295,0.5516997094867986,Bullish,0.0,-100.0,0.0,-100.0,1.059348143584786,0.0,1.0049133089101903,Downtrend,0.0,0.0,0.0,1.1204699181203277,0.0,0.07805696399814366,4.403634746139675
2025-11-26 09:01:20,2025-11-25,SIRI,Sirius XM Holdings Inc.,Oversold (Buy),0.6520149697933985,65.2,Moderate,20.99,33.526011560693476,20.618000000000002,0.0,0.0,0.0,20.772797474502187,20.73484460564402,20.726893561126968,20.7266937059861,0.004805043405113452,-0.014207964552476743,0.019013007957590193,Bullish,0.0,-100.0,0.0,-100.0,1.0126939639120107,0.0,1.000009642403352,Downtrend,0.0,0.0,0.0,1.0038259206121471,0.0,-4.479379274885858,1.5721772272510641
2025-11-26 09:01:20,2025-11-25,SNPS,"Synopsys, Inc.",Oversold (Buy),0.6297465526675756,63.0,Moderate,401.61,44.82330204306999,393.3,0.0,0.0,0.0,396.30470616804286,393.90843616811037,392.67558210514716,391.96304292439805,1.0966237473142542,0.3929784369025699,0.7036453104116842,Bullish,0.0,-100.0,0.0,-100.0,1.0227526698934402,0.0,1.001817873377635,Downtrend,0.0,0.0,0.0,1.0463498514928873,0.0,2.4674450120238163,2.791265157740091
2025-11-26 09:01:20,2025-11-25,SOFI,Soft Technologies,Oversold (Buy),0.6029986464853373,60.3,Moderate,28.33,45.57026476578409,26.509999999999998,0.0,0.0,0.0,27.0074647887324,26.737060077112652,26.628631724856433,26.576205259682943,0.0910211374113743,-0.003597386602244792,0.09461852401361909,Bullish,0.0,-100.0,0.0,-100.0,1.063892440765382,0.0,1.0019726843866992,Downtrend,0.0,0.0,0.0,1.0796493902439024,0.0,0.6449685267320504,6.424285210024711
2025-11-26 09:01:20,2025-11-25,TMUS,"T-Mobile US, Inc.",Oversold (Buy),0.6501392860585132,65.0,Moderate,206.9,53.571428571428605,209.1,0.0,0.0,0.0,208.66019426906269,209.54342275221737,210.069428408492,210.4036783260546,-0.4831352333777943,-0.28709972499334846,-0.19603550838444583,Bearish,0.0,-100.0,0.0,-100.0,0.9849124718789216,0.0,0.9984113874803813,Downtrend,0.0,0.0,0.0,0.9709968087103436,0.0,1.8967874231031416,1.5949734171097203
2025-11-26 09:01:20,2025-11-25,TSCO,Tractor Supply Company,Oversold (Buy),0.5668888786553535,56.7,Weak,54.42,52.65392781316319,53.064,0.0,0.0,0.0,53.43696940262264,53.29686854546748,53.24822532316812,53.228026432543054,0.03909294337590552,-0.014262977091133609,0.05335592046703913,Bullish,0.0,-100.0,0.0,-100.0,1.0220058916465342,0.0,1.0003794784811468,Downtrend,0.0,0.0,0.0,1.0166261909209788,0.0,2.766287363725368,3.4362366776920332
2025-11-26 09:01:20,2025-11-25,TSLA,"Tesla, Inc.",Oversold (Buy),0.6192791001478146,61.9,Moderate,419.4,35.78140619793402,405.49799999999993,0.0,0.0,0.0,409.7775424963575,407.2992393249222,406.2365818756959,405.6945813537353,0.907132610289068,0.06899100903422703,0.8381416012548409,Bullish,0.0,-100.0,0.0,-100.0,1.0324033302553042,0.0,1.0013359816642164,Downtrend,0.0,0.0,0.0,1.045233644859813,0.0,-6.254204966647315,3.464473056747742
2025-11-26 09:01:20,2025-11-25,TSM,Taiwan Semiconductor Manufacturing Company Limited,Oversold (Buy),0.6631117963644111,66.3,Moderate,284.68,42.520868113522454,280.85,0.0,0.0,0.0,281.84336085478384,281.1322417727939,280.8331082070723,280.68239805715643,0.25431334025159913,0.012447738305690905,0.24186560194590823,Bullish,0.0,-100.0,0.0,-100.0,1.0136981419943234,0.0,1.0005369419349381,Downtrend,0.0,0.0,0.0,1.024360404447483,0.0,0.3274053625685127,4.327666151468313
2025-11-26 09:01:20,2025-11-25,TTWO,"Take-Two Interactive Software, Inc.",Oversold (Buy),0.6348926187100692,63.5,Moderate,241.84,38.670641880042105,238.442,0.0,0.0,0.0,239.0235939776591,238.42347410896562,238.12742432656142,237.95373555619503,0.26385121734716677,0.1126124855145571,0.15123873183260966,Bullish,0.0,-100.0,0.0,-100.0,1.0155907102423753,0.0,1.0007299266387242,Downtrend,0.0,0.0,0.0,1.0115019448743152,0.0,0.4769338560052674,1.4927224611313203
2025-11-26 09:01:20,2025-11-25,TXN,Texas Instruments Incorporated,Oversold (Buy),0.6177221448928085,61.8,Moderate,161.77,47.01195219123494,158.57,0.0,0.0,0.0,159.64575522098104,158.78470885261234,158.32778994792034,158.05664901973157,0.40985754115436634,0.17598150167920615,0.2338760394751602,Bullish,0.0,-100.0,0.0,-100.0,1.0217410351853704,0.0,1.0017154667637862,Downtrend,0.0,0.0,0.0,1.028286295448767,0.0,-5.797036572809809,2.0152067750509923
2025-11-26 09:01:20,2025-11-25,VRSK,"Verisk Analytics, Inc.",Oversold (Buy),0.6286516882782243,62.9,Moderate,223.02,62.531433361273955,222.554,0.0,0.0,0.0,222.17658086449734,222.17630474200504,222.1589845754863,222.13799961596672,0.02058524031551201,0.0520063086474456,-0.03142106833193359,Bearish,0.0,-100.0,0.0,-100.0,1.003875672308095,0.0,1.0000944681214194,Downtrend,0.0,0.0,0.0,1.0002691065662002,0.0,12.73890224094211,1.986368935521468
2025-11-26 09:01:20,2025-11-25,VRTX,Vertex Pharmaceuticals Incorporated,Oversold (Buy),0.5979355038607563,59.8,Weak,429.82,59.3385780885779,424.78599999999994,0.0,0.0,0.0,426.95952404079657,427.0472141487175,427.2758285722094,427.47775036863345,-0.23928912342654485,-0.3402841809022943,0.10099505747574944,Bullish,0.0,-100.0,0.0,-100.0,1.005954400547984,0.0,0.999527643728241,Downtrend,0.0,0.0,0.0,0.9869121969140339,0.0,7.612396432036405,1.716997813038015
2025-11-26 09:01:20,2025-11-25,VTRS,Viatris Inc.,Oversold (Buy),0.6482892286014654,64.8,Moderate,10.56,47.0588235294117,10.424000000000001,0.0,0.0,0.0,10.492034968431279,10.487336170980242,10.490743342626057,10.49491303726828,-0.004167723929102252,-0.009414747784067184,0.005247023854964932,Bullish,0.0,-100.0,0.0,-100.0,1.0066016920929273,0.0,0.9996026937405375,Downtrend,0.0,0.0,0.0,0.9859943977591036,0.0,-4.090601757944491,1.9886363636363715
2025-11-26 09:01:20,2025-11-25,WBD,"Warner Bros. Discovery, Inc.",Oversold (Buy),0.6222724222199015,62.2,Moderate,22.96,51.81159420289851,22.992,0.0,0.0,0.0,22.997338513841672,23.026229309145783,23.041528303903704,23.050266784606546,-0.013588833727894212,-0.0038870815908859276,-0.009701752137008284,Bearish,0.0,-100.0,0.0,-100.0,0.9964616798491666,0.0,0.9996208945959498,Downtrend,0.0,0.0,0.0,0.9691853102574925,0.0,-0.5181549010440492,4.3118466898954635
2025-11-26 09:01:20,2025-11-25,WDAY,"Workday, Inc.",Oversold (Buy),0.5992437839836696,59.9,Weak,233.69,51.44152311876682,225.228,0.0,0.0,0.0,227.57525497814476,226.28879711391343,225.7221372550153,225.42457931540542,0.48796538673678924,0.07147934816091854,0.4164860385758707,Bullish,0.0,-100.0,0.0,-100.0,1.0352994298294402,0.0,1.0013199888872524,Downtrend,0.0,0.0,0.0,1.0356762985286296,0.0,8.344696759357227,4.707090590097994
2025-11-26 09:01:20,2025-11-25,XEL,Xcel Energy Inc.,Oversold (Buy),0.638578256988165,63.9,Moderate,80.39,44.444444444444656,79.896,0.0,0.0,0.0,80.15828557552211,80.17210151084704,80.20441085501412,80.23294139462911,-0.033789085209718905,-0.04828821859754479,0.014499133387825887,Bullish,0.0,-100.0,0.0,-100.0,1.0023139518513686,0.0,0.9996444036686295,Downtrend,0.0,0.0,0.0,0.9924691358024691,0.0,3.3467202141900856,1.617116556785684
